TIME,OUT_T[*C],OUT_H[%],T6[*C],H6[%],T12[*C],H12[%],T18[*C],H18[%],T19[*C],H19[%],T24[*C],H24[%],T25[*C],H25[%],T26[*C],H26[%],LAMP_STATE,FAN_STATE,AC_STATE,HEATER_STATE,M0,M1,M2,M3,M4,M5,M6,M8,M9,M10,M11,M12,M13,M14,M15
2020-02-05 22:00:17.929251,23.0,53.0,25.0,52.0,23.0,48.0,22.0,54.0,26.0,45.0,23.0,50.0,22.0,52.0,23.0,51.0,0,1,1,1,0,1,0,1,1,1,1,0,1,1,0,0,1,1,0
2020-02-05 22:00:34.355936,21.0,57.0,25.0,54.0,23.0,49.0,22.0,55.0,26.0,45.0,23.0,50.0,22.0,53.0,23.0,51.0,0,1,1,1,0,1,0,1,1,1,1,0,1,1,0,0,1,1,0
2020-02-05 22:00:48.228882,21.0,57.0,24.0,53.0,23.0,49.0,22.0,55.0,26.0,45.0,23.0,50.0,22.0,53.0,23.0,51.0,0,1,1,1,0,1,0,1,1,1,1,0,1,1,0,0,1,1,0
2020-02-05 22:00:57.052360,21.0,57.0,25.0,53.0,23.0,49.0,22.0,55.0,26.0,45.0,23.0,50.0,22.0,53.0,23.0,51.0,0,1,1,1,0,1,0,1,1,1,1,0,1,1,0,0,1,1,0
2020-02-05 22:01:08.418958,21.0,57.0,25.0,53.0,23.0,49.0,22.0,55.0,26.0,45.0,23.0,51.0,22.0,53.0,23.0,51.0,0,1,1,1,0,1,0,1,1,1,1,0,1,1,0,0,1,1,0
2020-02-05 22:01:22.301385,21.0,57.0,25.0,53.0,23.0,49.0,22.0,55.0,26.0,46.0,23.0,51.0,22.0,53.0,23.0,52.0,1,0,0,1,0,0,0,0,0,1,1,0,0,1,0,0,0,1,0
2020-02-05 22:01:31.124266,21.0,57.0,25.0,53.0,23.0,49.0,22.0,55.0,26.0,46.0,23.0,51.0,22.0,53.0,23.0,52.0,1,0,0,1,0,0,0,0,0,1,1,0,0,1,0,0,0,1,0
2020-02-05 22:01:42.488812,22.0,58.0,25.0,53.0,23.0,49.0,22.0,54.0,26.0,46.0,23.0,50.0,22.0,53.0,23.0,52.0,1,0,0,1,0,0,0,0,0,1,1,0,0,1,0,0,0,1,0
2020-02-05 22:01:58.918869,22.0,57.0,25.0,53.0,23.0,49.0,22.0,54.0,27.0,44.0,23.0,50.0,23.0,52.0,23.0,50.0,1,0,0,1,0,0,0,0,0,1,1,0,0,1,0,0,0,1,0
2020-02-05 22:02:15.320713,23.0,55.0,25.0,52.0,23.0,48.0,22.0,54.0,27.0,44.0,24.0,49.0,23.0,52.0,23.0,50.0,1,0,0,1,0,0,0,0,0,1,1,0,0,1,0,0,0,1,0
2020-02-05 22:02:21.626799,24.0,52.0,25.0,52.0,24.0,48.0,23.0,54.0,27.0,43.0,24.0,49.0,23.0,51.0,23.0,50.0,1,0,0,0,1,0,1,1,1,0,1,0,0,0,1,1,0,1,0
2020-02-05 22:02:32.987095,24.0,51.0,26.0,52.0,24.0,47.0,23.0,54.0,27.0,43.0,24.0,48.0,23.0,51.0,24.0,49.0,1,0,0,0,1,0,1,1,1,0,1,0,0,0,1,1,0,1,0
2020-02-05 22:02:44.354099,25.0,48.0,26.0,52.0,24.0,47.0,23.0,54.0,27.0,42.0,24.0,48.0,23.0,50.0,24.0,49.0,1,0,0,0,1,0,1,1,1,0,1,0,0,0,1,1,0,1,0
2020-02-05 22:02:58.274847,25.0,48.0,26.0,51.0,24.0,46.0,23.0,53.0,28.0,42.0,24.0,47.0,24.0,50.0,24.0,49.0,1,0,0,0,1,0,1,1,1,0,1,0,0,0,1,1,0,1,0
2020-02-05 22:03:09.622803,26.0,47.0,26.0,50.0,24.0,46.0,23.0,53.0,28.0,42.0,24.0,46.0,24.0,49.0,24.0,48.0,1,0,0,1,1,1,1,0,0,1,0,0,1,0,0,1,1,0,1
2020-02-05 22:03:31.077034,26.0,46.0,26.0,50.0,24.0,46.0,23.0,53.0,28.0,41.0,25.0,45.0,24.0,49.0,24.0,48.0,1,0,0,1,1,1,1,0,0,1,0,0,1,0,0,1,1,0,1
2020-02-05 22:03:50.019464,27.0,44.0,27.0,49.0,25.0,45.0,23.0,53.0,29.0,42.0,25.0,45.0,24.0,48.0,24.0,48.0,1,0,0,1,1,1,1,0,0,1,0,0,1,0,0,1,1,0,1
2020-02-05 22:04:01.367861,27.0,42.0,27.0,49.0,25.0,44.0,23.0,53.0,29.0,41.0,25.0,44.0,24.0,48.0,25.0,48.0,1,0,0,1,1,1,1,0,0,1,0,0,1,0,0,1,1,0,1
2020-02-05 22:04:15.273637,28.0,40.0,27.0,48.0,25.0,44.0,23.0,53.0,29.0,41.0,26.0,43.0,24.0,47.0,25.0,47.0,1,0,1,0,0,1,1,0,0,0,1,1,0,1,1,1,0,0,0
2020-02-05 22:04:40.811590,28.0,40.0,28.0,48.0,25.0,44.0,23.0,53.0,29.0,40.0,26.0,43.0,24.0,47.0,25.0,47.0,1,0,1,0,0,1,1,0,0,0,1,1,0,1,1,1,0,0,0
2020-02-05 22:04:52.232201,29.0,39.0,27.0,47.0,25.0,43.0,23.0,53.0,29.0,40.0,26.0,43.0,24.0,47.0,25.0,47.0,1,0,1,0,0,1,1,0,0,0,1,1,0,1,1,1,0,0,0
2020-02-05 22:05:03.590231,29.0,38.0,28.0,48.0,26.0,44.0,23.0,52.0,30.0,40.0,26.0,42.0,24.0,46.0,25.0,46.0,1,0,1,0,0,1,1,0,0,0,1,1,0,1,1,1,0,0,0
2020-02-05 22:05:22.535902,30.0,37.0,28.0,47.0,26.0,44.0,23.0,52.0,30.0,39.0,26.0,42.0,25.0,46.0,25.0,46.0,1,0,1,1,0,0,0,0,0,1,1,1,1,1,1,1,0,0,0
2020-02-05 22:05:41.474245,30.0,35.0,28.0,46.0,26.0,43.0,23.0,52.0,30.0,38.0,27.0,42.0,25.0,46.0,25.0,46.0,1,0,1,1,0,0,0,0,0,1,1,1,1,1,1,1,0,0,0
2020-02-05 22:05:57.899680,31.0,35.0,28.0,46.0,26.0,43.0,23.0,52.0,30.0,38.0,27.0,41.0,25.0,45.0,26.0,46.0,1,0,1,1,0,0,0,0,0,1,1,1,1,1,1,1,0,0,0
2020-02-05 22:06:06.737474,31.0,34.0,28.0,46.0,26.0,42.0,24.0,52.0,31.0,39.0,27.0,41.0,25.0,45.0,26.0,46.0,1,0,1,1,0,0,0,0,0,1,1,1,1,1,1,1,0,0,0
2020-02-05 22:06:23.142307,32.0,32.0,28.0,46.0,26.0,42.0,24.0,52.0,31.0,39.0,27.0,40.0,25.0,45.0,26.0,46.0,0,0,0,1,1,0,1,0,0,0,0,1,1,1,0,1,1,1,1
2020-02-05 22:06:34.488954,32.0,32.0,28.0,45.0,26.0,42.0,24.0,52.0,31.0,38.0,27.0,40.0,25.0,45.0,26.0,46.0,0,0,0,1,1,0,1,0,0,0,0,1,1,1,0,1,1,1,1
2020-02-05 22:06:45.839249,32.0,32.0,28.0,45.0,26.0,42.0,24.0,52.0,31.0,38.0,27.0,41.0,25.0,45.0,26.0,46.0,0,0,0,1,1,0,1,0,0,0,0,1,1,1,0,1,1,1,1
2020-02-05 22:06:59.724540,31.0,33.0,28.0,45.0,26.0,43.0,24.0,52.0,30.0,37.0,27.0,41.0,25.0,45.0,25.0,45.0,0,0,0,1,1,0,1,0,0,0,0,1,1,1,0,1,1,1,1
2020-02-05 22:07:18.688973,31.0,33.0,28.0,45.0,26.0,43.0,24.0,52.0,30.0,38.0,26.0,41.0,25.0,45.0,25.0,46.0,0,0,0,1,1,0,0,0,1,0,1,1,1,0,1,1,1,0,1
2020-02-05 22:07:32.570989,31.0,34.0,28.0,45.0,26.0,43.0,23.0,52.0,30.0,38.0,26.0,41.0,25.0,46.0,25.0,46.0,0,0,0,1,1,0,0,0,1,0,1,1,1,0,1,1,1,0,1
2020-02-05 22:07:51.501232,30.0,33.0,28.0,46.0,25.0,43.0,23.0,52.0,30.0,39.0,26.0,42.0,24.0,46.0,25.0,47.0,0,0,0,1,1,0,0,0,1,0,1,1,1,0,1,1,1,0,1
2020-02-05 22:08:00.329293,30.0,35.0,28.0,46.0,25.0,43.0,23.0,52.0,29.0,40.0,26.0,42.0,24.0,47.0,25.0,47.0,0,0,0,1,1,0,0,0,1,0,1,1,1,0,1,1,1,0,1
2020-02-05 22:08:16.741585,30.0,35.0,28.0,47.0,25.0,43.0,23.0,52.0,29.0,40.0,26.0,42.0,24.0,47.0,25.0,48.0,0,1,1,0,0,0,0,0,1,1,1,0,0,0,1,0,0,1,0
2020-02-05 22:08:33.175970,29.0,36.0,28.0,47.0,25.0,43.0,23.0,53.0,29.0,40.0,26.0,43.0,24.0,47.0,25.0,48.0,0,1,1,0,0,0,0,0,1,1,1,0,0,0,1,0,0,1,0
2020-02-05 22:08:41.998292,28.0,37.0,27.0,46.0,25.0,44.0,23.0,53.0,29.0,40.0,26.0,43.0,24.0,47.0,25.0,48.0,0,1,1,0,0,0,0,0,1,1,1,0,0,0,1,0,0,1,0
2020-02-05 22:08:50.835866,27.0,38.0,27.0,47.0,25.0,44.0,23.0,52.0,29.0,40.0,26.0,43.0,24.0,48.0,25.0,48.0,0,1,1,0,0,0,0,0,1,1,1,0,0,0,1,0,0,1,0
2020-02-05 22:08:59.670673,26.0,41.0,27.0,47.0,25.0,44.0,23.0,52.0,29.0,41.0,25.0,43.0,24.0,48.0,24.0,48.0,0,1,1,0,0,0,0,0,1,1,1,0,0,0,1,0,0,1,0
2020-02-05 22:09:21.385037,25.0,42.0,27.0,47.0,25.0,44.0,23.0,52.0,29.0,41.0,25.0,43.0,24.0,48.0,24.0,48.0,1,0,1,0,1,0,0,0,0,1,1,0,1,1,1,1,0,0,0
2020-02-05 22:09:32.734941,24.0,48.0,27.0,47.0,25.0,44.0,23.0,53.0,29.0,41.0,26.0,44.0,24.0,48.0,25.0,48.0,1,0,1,0,1,0,0,0,0,1,1,0,1,1,1,1,0,0,0
2020-02-05 22:09:49.147334,24.0,49.0,27.0,47.0,25.0,44.0,23.0,53.0,29.0,41.0,26.0,44.0,24.0,47.0,25.0,48.0,1,0,1,0,1,0,0,0,0,1,1,0,1,1,1,1,0,0,0
2020-02-05 22:09:57.974878,24.0,49.0,28.0,48.0,25.0,44.0,23.0,53.0,29.0,41.0,26.0,43.0,24.0,47.0,25.0,48.0,1,0,1,0,1,0,0,0,0,1,1,0,1,1,1,1,0,0,0
2020-02-05 22:10:09.323086,25.0,48.0,28.0,48.0,25.0,44.0,23.0,53.0,29.0,40.0,26.0,43.0,24.0,47.0,25.0,48.0,1,0,1,0,1,0,0,0,0,1,1,0,1,1,1,1,0,0,0
2020-02-05 22:10:15.618775,25.0,46.0,28.0,48.0,25.0,44.0,23.0,52.0,29.0,40.0,26.0,43.0,24.0,47.0,25.0,48.0,1,0,1,0,1,0,0,0,0,1,1,0,1,1,1,1,0,0,0
2020-02-05 22:10:26.972975,25.0,46.0,28.0,47.0,25.0,44.0,23.0,52.0,29.0,40.0,26.0,43.0,24.0,47.0,25.0,47.0,0,0,1,1,0,0,0,1,0,1,1,0,0,0,0,0,0,1,0
2020-02-05 22:10:35.964743,26.0,45.0,28.0,47.0,25.0,43.0,23.0,52.0,30.0,40.0,26.0,42.0,24.0,47.0,25.0,47.0,0,0,1,1,0,0,0,1,0,1,1,0,0,0,0,0,0,1,0
2020-02-05 22:10:52.368727,26.0,44.0,28.0,47.0,25.0,44.0,23.0,52.0,29.0,40.0,26.0,43.0,24.0,47.0,25.0,47.0,0,0,1,1,0,0,0,1,0,1,1,0,0,0,0,0,0,1,0
2020-02-05 22:11:18.904774,26.0,44.0,28.0,47.0,25.0,44.0,23.0,52.0,29.0,41.0,26.0,43.0,24.0,48.0,25.0,48.0,0,0,0,1,0,0,0,0,1,1,0,1,1,1,0,1,1,0,0
2020-02-05 22:11:37.836480,26.0,44.0,28.0,47.0,25.0,44.0,23.0,52.0,29.0,41.0,26.0,43.0,24.0,48.0,25.0,48.0,0,0,0,1,0,0,0,0,1,1,0,1,1,1,0,1,1,0,0
2020-02-05 22:11:56.775209,26.0,44.0,28.0,47.0,25.0,44.0,23.0,52.0,29.0,41.0,25.0,43.0,24.0,48.0,25.0,48.0,0,0,0,1,0,0,0,0,1,1,0,1,1,1,0,1,1,0,0
2020-02-05 22:12:08.119587,26.0,44.0,28.0,47.0,25.0,45.0,23.0,53.0,29.0,41.0,26.0,44.0,24.0,48.0,25.0,48.0,0,0,0,1,0,0,0,0,1,1,0,1,1,1,0,1,1,0,0
2020-02-05 22:12:21.997875,26.0,44.0,27.0,46.0,25.0,45.0,23.0,53.0,29.0,42.0,25.0,43.0,24.0,48.0,24.0,48.0,1,0,1,1,1,1,1,0,1,0,1,1,0,0,1,1,0,1,0
2020-02-05 22:12:38.446414,26.0,44.0,27.0,46.0,25.0,45.0,23.0,53.0,29.0,42.0,25.0,43.0,24.0,48.0,25.0,48.0,1,0,1,1,1,1,1,0,1,0,1,1,0,0,1,1,0,1,0
2020-02-05 22:12:49.843403,27.0,43.0,28.0,48.0,25.0,45.0,23.0,53.0,29.0,42.0,26.0,44.0,24.0,48.0,25.0,48.0,1,0,1,1,1,1,1,0,1,0,1,1,0,0,1,1,0,1,0
2020-02-05 22:13:08.777082,27.0,42.0,28.0,47.0,25.0,44.0,23.0,52.0,29.0,42.0,26.0,43.0,24.0,48.0,25.0,48.0,1,0,1,1,1,1,1,0,1,0,1,1,0,0,1,1,0,1,0
2020-02-05 22:13:17.672030,28.0,41.0,28.0,47.0,25.0,44.0,23.0,52.0,29.0,41.0,26.0,43.0,24.0,47.0,25.0,48.0,0,1,1,1,0,0,0,0,0,0,1,1,1,1,0,0,1,0,0
2020-02-05 22:13:31.538101,28.0,41.0,28.0,47.0,25.0,44.0,23.0,52.0,29.0,41.0,26.0,43.0,24.0,47.0,25.0,48.0,0,1,1,1,0,0,0,0,0,0,1,1,1,1,0,0,1,0,0
2020-02-05 22:13:37.845123,28.0,40.0,28.0,46.0,25.0,44.0,23.0,52.0,29.0,40.0,26.0,42.0,24.0,47.0,25.0,48.0,0,1,1,1,0,0,0,0,0,0,1,1,1,1,0,0,1,0,0
2020-02-05 22:13:59.303548,25.0,45.0,28.0,46.0,25.0,44.0,23.0,52.0,29.0,41.0,26.0,43.0,24.0,47.0,25.0,48.0,0,1,1,1,0,0,0,0,0,0,1,1,1,1,0,0,1,0,0
2020-02-05 22:14:15.705356,24.0,48.0,28.0,46.0,25.0,44.0,23.0,53.0,29.0,40.0,26.0,43.0,24.0,47.0,25.0,48.0,1,1,0,1,0,0,1,1,0,0,1,1,0,0,0,0,1,1,0
2020-02-05 22:14:29.669345,24.0,48.0,28.0,46.0,25.0,44.0,23.0,53.0,29.0,41.0,26.0,43.0,24.0,47.0,25.0,48.0,1,1,0,1,0,0,1,1,0,0,1,1,0,0,0,0,1,1,0
2020-02-05 22:14:38.487687,23.0,51.0,28.0,46.0,25.0,44.0,23.0,53.0,29.0,41.0,26.0,43.0,24.0,47.0,25.0,48.0,1,1,0,1,0,0,1,1,0,0,1,1,0,0,0,0,1,1,0
2020-02-05 22:14:54.886471,23.0,51.0,28.0,46.0,25.0,44.0,23.0,52.0,30.0,41.0,26.0,43.0,24.0,47.0,25.0,47.0,1,1,0,1,0,0,1,1,0,0,1,1,0,0,0,0,1,1,0
2020-02-05 22:15:06.280603,23.0,51.0,28.0,46.0,25.0,43.0,23.0,52.0,30.0,40.0,26.0,42.0,24.0,47.0,25.0,47.0,1,1,0,1,0,0,1,1,0,0,1,1,0,0,0,0,1,1,0
2020-02-05 22:15:22.676961,23.0,51.0,28.0,46.0,25.0,43.0,24.0,52.0,30.0,40.0,26.0,42.0,25.0,46.0,25.0,47.0,1,0,0,1,1,0,0,1,1,1,1,1,1,1,0,0,0,0,1
2020-02-05 22:15:31.493630,23.0,51.0,28.0,46.0,25.0,43.0,24.0,52.0,30.0,39.0,27.0,41.0,25.0,45.0,25.0,47.0,1,0,0,1,1,0,0,1,1,1,1,1,1,1,0,0,0,0,1
2020-02-05 22:15:52.985813,23.0,51.0,28.0,46.0,26.0,44.0,24.0,52.0,30.0,39.0,27.0,40.0,25.0,45.0,26.0,48.0,1,0,0,1,1,0,0,1,1,1,1,1,1,1,0,0,0,0,1
2020-02-05 22:16:09.435594,24.0,49.0,28.0,46.0,26.0,44.0,24.0,52.0,30.0,38.0,27.0,40.0,25.0,45.0,26.0,48.0,1,0,0,1,1,0,0,1,1,1,1,1,1,1,0,0,0,0,1
2020-02-05 22:16:20.781724,26.0,46.0,28.0,46.0,26.0,43.0,24.0,52.0,31.0,38.0,27.0,40.0,25.0,45.0,26.0,47.0,1,0,1,1,1,0,1,0,0,1,1,0,1,0,1,0,1,0,1
2020-02-05 22:16:42.254124,26.0,46.0,28.0,45.0,26.0,43.0,24.0,52.0,31.0,38.0,27.0,40.0,25.0,45.0,26.0,47.0,1,0,1,1,1,0,1,0,0,1,1,0,1,0,1,0,1,0,1
2020-02-05 22:16:48.561489,27.0,42.0,29.0,46.0,26.0,42.0,24.0,51.0,31.0,37.0,27.0,40.0,25.0,45.0,26.0,46.0,1,0,1,1,1,0,1,0,0,1,1,0,1,0,1,0,1,0,1
2020-02-05 22:17:07.493289,28.0,41.0,29.0,46.0,26.0,42.0,24.0,51.0,31.0,37.0,27.0,39.0,25.0,44.0,26.0,46.0,1,0,1,1,1,0,1,0,0,1,1,0,1,0,1,0,1,0,1
2020-02-05 22:17:26.422759,28.0,40.0,29.0,45.0,27.0,42.0,24.0,51.0,31.0,37.0,27.0,39.0,25.0,44.0,26.0,46.0,1,1,0,0,0,0,1,0,1,0,0,1,0,0,0,0,0,1,0
2020-02-05 22:17:32.709312,29.0,39.0,29.0,45.0,27.0,42.0,24.0,51.0,32.0,36.0,27.0,38.0,25.0,44.0,26.0,46.0,1,1,0,0,0,0,1,0,1,0,0,1,0,0,0,0,0,1,0
2020-02-05 22:17:41.537635,29.0,38.0,29.0,44.0,27.0,42.0,24.0,51.0,32.0,37.0,28.0,39.0,25.0,44.0,26.0,46.0,1,1,0,0,0,0,1,0,1,0,0,1,0,0,0,0,0,1,0
2020-02-05 22:18:00.456566,27.0,41.0,29.0,44.0,27.0,41.0,24.0,50.0,32.0,37.0,28.0,39.0,26.0,45.0,26.0,46.0,1,1,0,0,0,0,1,0,1,0,0,1,0,0,0,0,0,1,0
2020-02-05 22:18:14.317949,27.0,41.0,29.0,43.0,27.0,41.0,24.0,50.0,32.0,37.0,28.0,39.0,26.0,44.0,27.0,46.0,1,1,0,0,0,0,1,0,1,0,0,1,0,0,0,0,0,1,0
2020-02-05 22:18:25.661447,26.0,43.0,29.0,43.0,27.0,41.0,24.0,50.0,32.0,37.0,28.0,39.0,26.0,44.0,27.0,46.0,1,0,1,0,0,0,1,1,0,1,1,1,1,1,1,0,1,1,0
2020-02-05 22:18:34.491466,25.0,44.0,29.0,43.0,27.0,40.0,24.0,50.0,32.0,36.0,28.0,39.0,26.0,44.0,27.0,45.0,1,0,1,0,0,0,1,1,0,1,1,1,1,1,1,0,1,1,0
2020-02-05 22:18:45.840196,25.0,44.0,29.0,43.0,27.0,40.0,24.0,50.0,32.0,35.0,28.0,38.0,26.0,43.0,27.0,45.0,1,0,1,0,0,0,1,1,0,1,1,1,1,1,1,0,1,1,0
2020-02-05 22:18:57.183660,26.0,44.0,29.0,44.0,27.0,40.0,24.0,50.0,32.0,35.0,28.0,38.0,26.0,43.0,27.0,45.0,1,0,1,0,0,0,1,1,0,1,1,1,1,1,1,0,1,1,0
2020-02-05 22:19:13.585280,27.0,42.0,29.0,44.0,27.0,40.0,24.0,50.0,32.0,35.0,28.0,37.0,26.0,43.0,27.0,45.0,1,0,1,0,0,0,1,1,0,1,1,1,1,1,1,0,1,1,0
2020-02-05 22:19:24.934493,27.0,42.0,29.0,44.0,27.0,40.0,24.0,50.0,33.0,36.0,28.0,37.0,26.0,43.0,27.0,45.0,1,1,0,1,1,1,1,0,0,0,1,1,1,0,0,0,0,1,0
2020-02-05 22:19:36.279149,28.0,42.0,29.0,44.0,27.0,40.0,24.0,50.0,33.0,36.0,28.0,37.0,26.0,43.0,27.0,45.0,1,1,0,1,1,1,1,0,0,0,1,1,1,0,0,0,0,1,0
2020-02-05 22:19:45.100165,28.0,40.0,29.0,43.0,27.0,40.0,24.0,50.0,33.0,36.0,28.0,37.0,26.0,43.0,27.0,45.0,1,1,0,1,1,1,1,0,0,0,1,1,1,0,0,0,0,1,0
2020-02-05 22:19:56.451717,27.0,40.0,29.0,43.0,27.0,40.0,24.0,50.0,33.0,35.0,28.0,37.0,26.0,42.0,27.0,45.0,1,1,0,1,1,1,1,0,0,0,1,1,1,0,0,0,0,1,0
2020-02-05 22:20:07.784484,27.0,42.0,29.0,43.0,27.0,40.0,24.0,50.0,33.0,35.0,28.0,37.0,26.0,42.0,27.0,45.0,1,1,0,1,1,1,1,0,0,0,1,1,1,0,0,0,0,1,0
2020-02-05 22:20:19.143504,26.0,43.0,29.0,43.0,27.0,39.0,24.0,50.0,33.0,35.0,29.0,38.0,26.0,42.0,27.0,44.0,1,1,0,1,1,1,1,0,0,0,1,1,1,0,0,0,0,1,0
2020-02-05 22:20:25.457597,25.0,44.0,29.0,43.0,27.0,39.0,24.0,50.0,33.0,35.0,29.0,38.0,26.0,42.0,27.0,45.0,0,0,0,1,0,1,1,1,0,1,1,1,0,1,1,1,1,0,1
2020-02-05 22:20:36.820826,25.0,45.0,29.0,42.0,27.0,39.0,24.0,50.0,33.0,35.0,29.0,38.0,26.0,43.0,27.0,44.0,0,0,0,1,0,1,1,1,0,1,1,1,0,1,1,1,1,0,1
2020-02-05 22:20:48.163917,25.0,45.0,29.0,43.0,27.0,39.0,24.0,50.0,33.0,35.0,29.0,37.0,26.0,43.0,27.0,44.0,0,0,0,1,0,1,1,1,0,1,1,1,0,1,1,1,1,0,1
2020-02-05 22:21:04.561225,25.0,46.0,29.0,43.0,27.0,40.0,24.0,50.0,33.0,36.0,28.0,36.0,26.0,43.0,27.0,45.0,0,0,0,1,0,1,1,1,0,1,1,1,0,1,1,1,1,0,1
2020-02-05 22:21:10.845248,25.0,46.0,29.0,44.0,27.0,40.0,24.0,50.0,32.0,35.0,28.0,37.0,26.0,43.0,27.0,44.0,0,0,0,1,0,1,1,1,0,1,1,1,0,1,1,1,1,0,1
2020-02-05 22:21:22.186021,25.0,46.0,29.0,44.0,27.0,41.0,24.0,51.0,32.0,35.0,28.0,38.0,26.0,44.0,27.0,45.0,1,1,0,0,0,0,0,0,0,1,1,0,1,0,0,0,1,0,0
2020-02-05 22:21:41.109272,25.0,45.0,29.0,44.0,27.0,41.0,24.0,51.0,32.0,36.0,28.0,38.0,25.0,43.0,27.0,45.0,1,1,0,0,0,0,0,0,0,1,1,0,1,0,0,0,1,0,0
2020-02-05 22:21:54.975271,25.0,45.0,29.0,44.0,27.0,41.0,24.0,51.0,32.0,36.0,28.0,38.0,25.0,43.0,27.0,45.0,1,1,0,0,0,0,0,0,0,1,1,0,1,0,0,0,1,0,0
2020-02-05 22:22:06.315553,25.0,46.0,29.0,44.0,27.0,41.0,24.0,51.0,32.0,36.0,28.0,38.0,26.0,44.0,27.0,45.0,1,1,0,0,0,0,0,0,0,1,1,0,1,0,0,0,1,0,0
2020-02-05 22:22:15.249302,25.0,46.0,29.0,44.0,27.0,41.0,24.0,51.0,32.0,36.0,28.0,38.0,26.0,44.0,27.0,45.0,1,1,0,0,0,0,0,0,0,1,1,0,1,0,0,0,1,0,0
2020-02-05 22:22:21.575266,24.0,48.0,29.0,44.0,27.0,41.0,24.0,51.0,32.0,36.0,28.0,38.0,26.0,44.0,27.0,45.0,1,0,0,0,1,1,0,1,1,1,1,1,1,1,0,0,0,0,1
2020-02-05 22:22:43.041800,24.0,47.0,29.0,44.0,27.0,41.0,24.0,51.0,32.0,35.0,28.0,37.0,26.0,43.0,27.0,45.0,1,0,0,0,1,1,0,1,1,1,1,1,1,1,0,0,0,0,1
2020-02-05 22:22:51.853756,24.0,47.0,29.0,44.0,27.0,41.0,24.0,51.0,33.0,36.0,28.0,37.0,26.0,43.0,27.0,45.0,1,0,0,0,1,1,0,1,1,1,1,1,1,1,0,0,0,0,1
2020-02-05 22:23:05.726073,25.0,47.0,29.0,43.0,27.0,41.0,24.0,51.0,33.0,36.0,28.0,37.0,26.0,43.0,27.0,45.0,1,0,0,0,1,1,0,1,1,1,1,1,1,1,0,0,0,0,1
2020-02-05 22:23:17.079374,26.0,46.0,30.0,43.0,27.0,40.0,24.0,51.0,33.0,36.0,28.0,36.0,26.0,44.0,27.0,45.0,1,0,0,0,1,1,0,1,1,1,1,1,1,1,0,0,0,0,1
2020-02-05 22:23:28.416020,26.0,44.0,30.0,42.0,27.0,40.0,24.0,50.0,33.0,35.0,28.0,36.0,26.0,43.0,27.0,45.0,1,1,1,0,1,0,0,0,0,0,0,1,0,0,1,1,0,1,0
2020-02-05 22:23:47.347727,27.0,43.0,30.0,42.0,28.0,41.0,24.0,50.0,33.0,34.0,28.0,37.0,26.0,43.0,27.0,44.0,1,1,1,0,1,0,0,0,0,0,0,1,0,0,1,1,0,1,0
2020-02-05 22:24:03.744261,27.0,42.0,30.0,42.0,28.0,41.0,24.0,50.0,33.0,35.0,29.0,38.0,26.0,44.0,27.0,44.0,1,1,1,0,1,0,0,0,0,0,0,1,0,0,1,1,0,1,0
2020-02-05 22:24:15.104135,26.0,44.0,30.0,42.0,28.0,40.0,24.0,49.0,33.0,34.0,29.0,37.0,26.0,43.0,27.0,44.0,1,1,1,0,1,0,0,0,0,0,0,1,0,0,1,1,0,1,0
2020-02-05 22:24:23.916483,25.0,44.0,30.0,42.0,28.0,40.0,24.0,49.0,33.0,34.0,29.0,37.0,26.0,43.0,27.0,44.0,0,1,0,0,0,1,0,1,0,0,0,0,1,1,0,0,1,0,1
2020-02-05 22:24:35.274461,25.0,45.0,30.0,42.0,28.0,40.0,24.0,49.0,33.0,34.0,29.0,37.0,26.0,43.0,27.0,43.0,0,1,0,0,0,1,0,1,0,0,0,0,1,1,0,0,1,0,1
2020-02-05 22:24:51.688648,25.0,46.0,29.0,42.0,28.0,40.0,24.0,50.0,33.0,34.0,29.0,37.0,26.0,42.0,27.0,43.0,0,1,0,0,0,1,0,1,0,0,0,0,1,1,0,0,1,0,1
2020-02-05 22:25:05.557795,24.0,48.0,29.0,44.0,27.0,39.0,24.0,50.0,33.0,35.0,28.0,36.0,26.0,42.0,27.0,44.0,0,1,0,0,0,1,0,1,0,0,0,0,1,1,0,0,1,0,1
2020-02-05 22:25:19.432556,23.0,52.0,29.0,44.0,27.0,40.0,24.0,50.0,32.0,34.0,28.0,36.0,26.0,43.0,27.0,44.0,0,1,0,0,0,1,0,1,0,0,0,0,1,1,0,0,1,0,1
2020-02-05 22:25:30.775925,23.0,52.0,29.0,44.0,27.0,41.0,24.0,50.0,32.0,34.0,28.0,37.0,26.0,43.0,27.0,44.0,0,0,0,0,0,0,1,1,0,1,1,0,1,1,1,0,1,1,1
2020-02-05 22:25:37.090971,23.0,53.0,29.0,45.0,27.0,41.0,24.0,50.0,32.0,35.0,28.0,37.0,26.0,43.0,27.0,44.0,0,0,0,0,0,0,1,1,0,1,1,0,1,1,1,0,1,1,1
2020-02-05 22:25:53.547133,22.0,53.0,29.0,45.0,27.0,41.0,24.0,50.0,32.0,35.0,28.0,38.0,25.0,43.0,27.0,44.0,0,0,0,0,0,0,1,1,0,1,1,0,1,1,1,0,1,1,1
2020-02-05 22:25:59.843140,23.0,53.0,29.0,46.0,27.0,41.0,24.0,50.0,32.0,35.0,28.0,38.0,25.0,43.0,27.0,45.0,0,0,0,0,0,0,1,1,0,1,1,0,1,1,1,0,1,1,1
2020-02-05 22:26:11.185116,23.0,53.0,29.0,46.0,27.0,41.0,24.0,50.0,32.0,36.0,28.0,38.0,25.0,43.0,27.0,45.0,0,0,0,0,0,0,1,1,0,1,1,0,1,1,1,0,1,1,1
2020-02-05 22:26:25.057392,23.0,52.0,28.0,46.0,27.0,41.0,24.0,50.0,31.0,37.0,27.0,37.0,25.0,43.0,26.0,46.0,1,0,0,1,1,0,1,1,0,0,1,1,1,1,1,1,0,0,1
2020-02-05 22:26:46.514807,23.0,52.0,28.0,45.0,26.0,42.0,24.0,50.0,31.0,37.0,27.0,38.0,25.0,44.0,26.0,46.0,1,0,0,1,1,0,1,1,0,0,1,1,1,1,1,1,0,0,1
2020-02-05 22:26:55.322462,24.0,49.0,28.0,45.0,26.0,42.0,24.0,51.0,31.0,36.0,27.0,38.0,25.0,44.0,26.0,46.0,1,0,0,1,1,0,1,1,0,0,1,1,1,1,1,1,0,0,1
2020-02-05 22:27:09.188929,24.0,49.0,29.0,46.0,26.0,42.0,24.0,51.0,31.0,36.0,27.0,38.0,25.0,44.0,26.0,46.0,1,0,0,1,1,0,1,1,0,0,1,1,1,1,1,1,0,0,1
2020-02-05 22:27:20.526503,25.0,47.0,29.0,46.0,27.0,42.0,24.0,51.0,31.0,36.0,28.0,39.0,25.0,44.0,26.0,46.0,0,0,0,1,1,0,1,1,0,1,1,1,1,1,1,1,0,0,1
2020-02-05 22:27:34.458842,26.0,46.0,29.0,45.0,27.0,42.0,24.0,51.0,32.0,35.0,28.0,38.0,25.0,44.0,27.0,45.0,0,0,0,1,1,0,1,1,0,1,1,0,1,0,0,0,1,0,1
2020-02-05 22:27:50.853801,26.0,44.0,29.0,45.0,27.0,42.0,24.0,51.0,31.0,36.0,28.0,38.0,25.0,44.0,27.0,45.0,0,0,0,1,1,0,1,1,0,1,1,0,1,0,0,0,1,0,1
2020-02-05 22:28:07.252757,27.0,42.0,29.0,45.0,27.0,42.0,24.0,51.0,31.0,37.0,27.0,38.0,25.0,44.0,26.0,45.0,0,0,0,1,1,0,1,1,0,1,1,0,1,0,0,0,1,0,1
2020-02-05 22:28:26.193635,27.0,42.0,28.0,44.0,26.0,42.0,24.0,51.0,31.0,36.0,27.0,38.0,25.0,44.0,26.0,46.0,1,1,1,1,1,0,1,1,0,1,0,1,0,0,0,1,1,0,1
2020-02-05 22:28:42.599335,26.0,43.0,28.0,45.0,26.0,42.0,24.0,51.0,31.0,37.0,27.0,38.0,25.0,44.0,26.0,46.0,1,1,1,1,1,0,1,1,0,1,0,1,0,0,0,1,1,0,1
2020-02-05 22:28:56.486914,26.0,43.0,28.0,45.0,26.0,43.0,24.0,51.0,31.0,37.0,27.0,38.0,25.0,44.0,26.0,46.0,1,1,1,1,1,0,1,1,0,1,0,1,0,0,0,1,1,0,1
2020-02-05 22:29:10.379159,26.0,44.0,29.0,45.0,27.0,42.0,24.0,51.0,31.0,36.0,27.0,38.0,25.0,44.0,26.0,46.0,1,1,1,1,1,0,1,1,0,1,0,1,0,0,0,1,1,0,1
2020-02-05 22:29:19.214398,25.0,45.0,29.0,45.0,27.0,42.0,24.0,51.0,31.0,36.0,27.0,37.0,25.0,44.0,27.0,45.0,1,1,1,1,1,0,1,1,0,1,0,1,0,0,0,1,1,0,1
2020-02-05 22:29:33.096775,25.0,46.0,29.0,45.0,27.0,42.0,24.0,51.0,31.0,36.0,28.0,38.0,25.0,44.0,27.0,45.0,0,1,0,0,0,1,0,1,0,0,0,1,0,0,0,0,0,1,1
2020-02-05 22:29:44.457675,24.0,47.0,29.0,45.0,27.0,42.0,24.0,51.0,31.0,36.0,27.0,39.0,25.0,44.0,27.0,45.0,0,1,0,0,0,1,0,1,0,0,0,1,0,0,0,0,0,1,1
2020-02-05 22:30:26.171733,24.0,48.0,29.0,45.0,27.0,42.0,24.0,50.0,31.0,36.0,27.0,39.0,25.0,44.0,26.0,46.0,1,1,1,0,1,1,0,0,1,1,1,1,1,1,1,1,0,0,0
2020-02-05 22:30:45.114019,22.0,53.0,28.0,45.0,26.0,42.0,24.0,50.0,31.0,37.0,27.0,39.0,25.0,44.0,26.0,46.0,1,1,1,0,1,1,0,0,1,1,1,1,1,1,1,1,0,0,0
2020-02-05 22:30:56.456274,22.0,54.0,28.0,45.0,26.0,42.0,24.0,50.0,31.0,37.0,27.0,39.0,25.0,44.0,26.0,46.0,1,1,1,0,1,1,0,0,1,1,1,1,1,1,1,1,0,0,0
2020-02-05 22:31:12.852396,23.0,53.0,28.0,46.0,26.0,42.0,24.0,50.0,31.0,37.0,27.0,39.0,25.0,44.0,26.0,45.0,1,1,1,0,1,1,0,0,1,1,1,1,1,1,1,1,0,0,0
2020-02-05 22:31:21.673860,23.0,53.0,28.0,45.0,27.0,42.0,24.0,51.0,31.0,37.0,27.0,38.0,25.0,43.0,27.0,45.0,1,1,1,0,1,1,0,0,1,1,1,1,1,1,1,1,0,0,0
2020-02-05 22:31:27.974977,23.0,52.0,28.0,45.0,27.0,42.0,24.0,51.0,31.0,36.0,28.0,39.0,25.0,43.0,26.0,45.0,1,1,1,1,0,1,1,0,0,0,1,0,0,1,0,0,0,0,0
2020-02-05 22:31:44.384903,23.0,52.0,28.0,45.0,27.0,42.0,24.0,50.0,31.0,36.0,28.0,38.0,25.0,43.0,27.0,45.0,1,1,1,1,0,1,1,0,0,0,1,0,0,1,0,0,0,0,0
2020-02-05 22:31:58.254654,23.0,52.0,28.0,45.0,27.0,41.0,24.0,50.0,32.0,36.0,28.0,38.0,26.0,44.0,27.0,44.0,1,1,1,1,0,1,1,0,0,0,1,0,0,1,0,0,0,0,0
2020-02-05 22:32:19.718817,23.0,51.0,29.0,46.0,27.0,41.0,24.0,50.0,32.0,35.0,28.0,38.0,26.0,44.0,27.0,43.0,1,0,1,1,1,1,0,0,0,1,1,1,0,1,0,0,1,1,1
2020-02-05 22:32:51.311087,23.0,51.0,29.0,46.0,27.0,40.0,24.0,50.0,32.0,35.0,28.0,38.0,26.0,43.0,27.0,43.0,1,0,1,1,1,1,0,0,0,1,1,1,0,1,0,0,1,1,1
2020-02-05 22:33:02.703389,24.0,50.0,29.0,44.0,27.0,40.0,24.0,49.0,32.0,34.0,28.0,37.0,26.0,42.0,27.0,43.0,1,0,1,1,1,1,0,0,0,1,1,1,0,1,0,0,1,1,1
2020-02-05 22:33:16.608902,24.0,48.0,29.0,44.0,27.0,39.0,24.0,49.0,32.0,34.0,28.0,37.0,26.0,42.0,27.0,43.0,1,0,1,1,1,1,0,0,0,1,1,1,0,1,0,0,1,1,1
2020-02-05 22:33:33.028867,25.0,46.0,29.0,44.0,27.0,39.0,25.0,49.0,32.0,34.0,28.0,37.0,26.0,42.0,27.0,43.0,0,0,1,0,1,0,1,1,1,1,0,1,0,1,0,0,0,0,1
2020-02-05 22:33:46.916712,27.0,44.0,29.0,43.0,28.0,40.0,24.0,49.0,32.0,34.0,28.0,37.0,26.0,42.0,27.0,43.0,0,0,1,0,1,0,1,1,1,1,0,1,0,1,0,0,0,0,1
2020-02-05 22:33:53.207675,27.0,43.0,29.0,44.0,27.0,39.0,24.0,49.0,32.0,33.0,28.0,37.0,26.0,43.0,27.0,43.0,0,0,1,0,1,0,1,1,1,1,0,1,0,1,0,0,0,0,1
2020-02-05 22:34:09.602495,27.0,42.0,29.0,44.0,27.0,39.0,24.0,49.0,32.0,34.0,28.0,37.0,26.0,43.0,27.0,43.0,0,0,1,0,1,0,1,1,1,1,0,1,0,1,0,0,0,0,1
2020-02-05 22:34:26.001226,27.0,42.0,29.0,44.0,27.0,40.0,24.0,50.0,32.0,34.0,28.0,38.0,26.0,43.0,27.0,43.0,0,0,1,0,1,0,1,1,1,1,0,1,0,1,0,0,0,0,1
2020-02-05 22:34:34.813857,27.0,41.0,28.0,44.0,27.0,40.0,24.0,50.0,31.0,34.0,27.0,37.0,26.0,44.0,27.0,44.0,0,1,0,1,1,1,1,0,1,1,1,1,1,1,0,0,1,0,1
2020-02-05 22:34:46.155932,27.0,41.0,28.0,45.0,27.0,41.0,24.0,50.0,31.0,35.0,27.0,37.0,25.0,43.0,26.0,44.0,0,1,0,1,1,1,1,0,1,1,1,1,1,1,0,0,1,0,1
2020-02-05 22:35:02.565575,26.0,42.0,28.0,45.0,27.0,41.0,24.0,50.0,31.0,35.0,27.0,38.0,25.0,43.0,26.0,45.0,0,1,0,1,1,1,1,0,1,1,1,1,1,1,0,0,1,0,1
2020-02-05 22:35:16.464969,25.0,45.0,28.0,46.0,27.0,41.0,24.0,50.0,31.0,36.0,27.0,38.0,25.0,43.0,26.0,45.0,0,1,0,1,1,1,1,0,1,1,1,1,1,1,0,0,1,0,1
2020-02-05 22:35:30.344377,24.0,47.0,28.0,46.0,27.0,42.0,24.0,50.0,31.0,37.0,27.0,38.0,25.0,44.0,26.0,45.0,0,1,0,1,1,1,1,0,1,1,1,1,1,1,0,0,1,0,1
2020-02-05 22:35:36.634993,23.0,51.0,28.0,46.0,26.0,42.0,24.0,50.0,31.0,37.0,27.0,39.0,25.0,44.0,26.0,45.0,0,1,1,1,1,1,0,1,0,0,0,0,1,0,1,1,0,1,0
2020-02-05 22:36:00.624002,22.0,53.0,27.0,46.0,26.0,42.0,24.0,50.0,30.0,37.0,27.0,39.0,25.0,45.0,26.0,47.0,0,1,1,1,1,1,0,1,0,0,0,0,1,0,1,1,0,1,0
2020-02-05 22:36:24.607885,22.0,55.0,27.0,47.0,26.0,42.0,24.0,50.0,30.0,37.0,26.0,40.0,24.0,45.0,26.0,47.0,0,1,1,1,1,1,0,1,0,0,0,0,1,0,1,1,0,1,0
2020-02-05 22:36:36.023970,22.0,55.0,27.0,47.0,26.0,43.0,24.0,50.0,30.0,37.0,26.0,40.0,24.0,45.0,26.0,47.0,0,0,0,0,0,0,0,1,1,1,1,1,1,1,1,1,1,1,0
2020-02-05 22:36:49.920558,22.0,55.0,27.0,48.0,26.0,43.0,24.0,50.0,30.0,38.0,26.0,41.0,24.0,46.0,26.0,47.0,0,0,0,0,0,0,0,1,1,1,1,1,1,1,1,1,1,1,0
2020-02-05 22:36:56.205366,22.0,55.0,27.0,47.0,26.0,43.0,24.0,50.0,30.0,38.0,26.0,41.0,24.0,46.0,26.0,47.0,0,0,0,0,0,0,0,1,1,1,1,1,1,1,1,1,1,1,0
2020-02-05 22:37:02.497062,22.0,55.0,27.0,47.0,26.0,43.0,24.0,50.0,30.0,38.0,26.0,41.0,24.0,46.0,26.0,47.0,0,0,0,0,0,0,0,1,1,1,1,1,1,1,1,1,1,1,0
2020-02-05 22:37:11.318160,22.0,55.0,27.0,47.0,26.0,43.0,24.0,50.0,29.0,38.0,26.0,41.0,24.0,47.0,25.0,46.0,0,0,0,0,0,0,0,1,1,1,1,1,1,1,1,1,1,1,0
2020-02-05 22:37:20.159902,22.0,55.0,27.0,47.0,25.0,42.0,24.0,50.0,29.0,39.0,26.0,41.0,24.0,47.0,25.0,46.0,0,0,0,0,0,0,0,1,1,1,1,1,1,1,1,1,1,1,0
2020-02-05 22:37:31.508850,22.0,55.0,27.0,47.0,25.0,43.0,24.0,50.0,29.0,39.0,26.0,41.0,24.0,47.0,25.0,46.0,1,0,0,1,0,1,1,1,0,0,1,0,0,1,0,0,0,0,0
2020-02-05 22:37:42.878951,22.0,54.0,27.0,47.0,25.0,43.0,24.0,50.0,29.0,39.0,26.0,42.0,24.0,47.0,25.0,46.0,1,0,0,1,0,1,1,1,0,0,1,0,0,1,0,0,0,0,0
2020-02-05 22:38:01.832233,23.0,54.0,27.0,47.0,25.0,43.0,24.0,51.0,30.0,39.0,26.0,42.0,24.0,47.0,25.0,46.0,1,0,0,1,0,1,1,1,0,0,1,0,0,1,0,0,0,0,0
2020-02-05 22:38:08.127249,24.0,51.0,27.0,47.0,25.0,43.0,24.0,51.0,30.0,39.0,26.0,41.0,24.0,47.0,26.0,47.0,1,0,0,1,0,1,1,1,0,0,1,0,0,1,0,0,0,0,0
2020-02-05 22:38:19.492556,24.0,50.0,28.0,48.0,26.0,44.0,24.0,51.0,30.0,38.0,26.0,41.0,24.0,46.0,26.0,47.0,1,0,0,1,0,1,1,1,0,0,1,0,0,1,0,0,0,0,0
2020-02-05 22:38:35.989646,24.0,49.0,28.0,47.0,26.0,44.0,24.0,51.0,30.0,38.0,27.0,40.0,24.0,46.0,26.0,47.0,1,1,0,0,0,0,0,0,0,0,0,0,0,0,0,1,0,1,0
2020-02-05 22:38:44.795030,25.0,47.0,28.0,47.0,26.0,43.0,24.0,51.0,30.0,38.0,27.0,40.0,25.0,45.0,26.0,46.0,1,1,0,0,0,0,0,0,0,0,0,0,0,0,0,1,0,1,0
2020-02-05 22:39:06.259216,25.0,46.0,28.0,47.0,26.0,43.0,24.0,51.0,30.0,37.0,27.0,40.0,25.0,45.0,26.0,46.0,1,1,0,0,0,0,0,0,0,0,0,0,0,0,0,1,0,1,0
2020-02-05 22:39:12.556208,25.0,46.0,28.0,46.0,26.0,42.0,24.0,50.0,31.0,38.0,27.0,39.0,25.0,45.0,26.0,46.0,1,1,0,0,0,0,0,0,0,0,0,0,0,0,0,1,0,1,0
2020-02-05 22:39:21.382585,24.0,47.0,28.0,45.0,26.0,42.0,24.0,50.0,31.0,37.0,27.0,39.0,25.0,45.0,26.0,45.0,1,1,0,0,0,0,0,0,0,0,0,0,0,0,0,1,0,1,0
2020-02-05 22:39:37.851625,24.0,47.0,29.0,46.0,26.0,42.0,24.0,50.0,31.0,37.0,27.0,39.0,25.0,44.0,26.0,45.0,0,1,1,1,0,1,1,1,0,0,1,0,0,0,0,1,0,0,1
2020-02-05 22:39:46.667441,24.0,48.0,29.0,46.0,27.0,41.0,24.0,50.0,31.0,37.0,27.0,38.0,25.0,44.0,26.0,45.0,0,1,1,1,0,1,1,1,0,0,1,0,0,0,0,1,0,0,1
2020-02-05 22:40:00.536588,24.0,49.0,29.0,46.0,26.0,41.0,24.0,50.0,31.0,37.0,27.0,38.0,25.0,44.0,26.0,45.0,0,1,1,1,0,1,1,1,0,0,1,0,0,0,0,1,0,0,1
2020-02-05 22:40:11.914304,23.0,52.0,29.0,46.0,26.0,41.0,24.0,50.0,31.0,37.0,27.0,39.0,25.0,44.0,26.0,45.0,0,1,1,1,0,1,1,1,0,0,1,0,0,0,0,1,0,0,1
2020-02-05 22:40:25.802708,23.0,52.0,29.0,46.0,26.0,41.0,24.0,50.0,31.0,37.0,27.0,39.0,25.0,44.0,26.0,45.0,0,1,1,1,0,0,0,1,1,0,1,0,0,0,0,0,0,1,0
2020-02-05 22:40:39.738114,22.0,53.0,28.0,45.0,26.0,41.0,24.0,50.0,31.0,37.0,27.0,39.0,25.0,44.0,26.0,45.0,0,1,1,1,0,0,0,1,1,0,1,0,0,0,0,0,0,1,0
2020-02-05 22:40:53.622572,22.0,55.0,28.0,45.0,26.0,42.0,24.0,50.0,30.0,37.0,27.0,39.0,25.0,44.0,26.0,46.0,0,1,1,1,0,0,0,1,1,0,1,0,0,0,0,0,0,1,0
2020-02-05 22:41:04.968551,22.0,55.0,28.0,45.0,26.0,42.0,24.0,50.0,30.0,37.0,27.0,40.0,25.0,45.0,26.0,46.0,0,1,1,1,0,0,0,1,1,0,1,0,0,0,0,0,0,1,0
2020-02-05 22:41:16.315142,22.0,56.0,28.0,45.0,26.0,42.0,24.0,50.0,30.0,37.0,27.0,40.0,25.0,45.0,25.0,45.0,0,1,1,1,0,0,0,1,1,0,1,0,0,0,0,0,0,1,0
2020-02-05 22:41:32.726237,22.0,56.0,28.0,45.0,26.0,42.0,24.0,50.0,30.0,37.0,26.0,40.0,25.0,45.0,26.0,46.0,0,1,1,0,0,1,1,0,1,1,1,1,0,0,0,1,1,0,1
2020-02-05 22:41:44.069471,22.0,56.0,28.0,46.0,26.0,43.0,24.0,50.0,30.0,37.0,26.0,41.0,25.0,45.0,25.0,46.0,0,1,1,0,0,1,1,0,1,1,1,1,0,0,0,1,1,0,1
2020-02-05 22:41:57.958139,22.0,56.0,28.0,46.0,25.0,42.0,24.0,50.0,30.0,38.0,26.0,41.0,24.0,45.0,25.0,46.0,0,1,1,0,0,1,1,0,1,1,1,1,0,0,0,1,1,0,1
2020-02-05 22:42:09.304319,22.0,56.0,28.0,45.0,25.0,42.0,24.0,51.0,30.0,38.0,26.0,41.0,24.0,45.0,25.0,46.0,0,1,1,0,0,1,1,0,1,1,1,1,0,0,0,1,1,0,1
2020-02-05 22:42:20.651143,22.0,57.0,28.0,45.0,25.0,42.0,24.0,51.0,29.0,39.0,26.0,41.0,24.0,45.0,25.0,46.0,0,1,1,0,0,1,1,0,1,1,1,1,0,0,0,1,1,0,1
2020-02-05 22:42:32.006176,21.0,56.0,28.0,46.0,25.0,42.0,24.0,51.0,29.0,39.0,26.0,41.0,24.0,46.0,25.0,46.0,0,1,1,0,1,1,1,0,1,0,0,0,0,1,0,0,1,0,1
2020-02-05 22:42:43.354397,21.0,56.0,28.0,46.0,25.0,43.0,24.0,51.0,29.0,39.0,26.0,42.0,24.0,46.0,25.0,46.0,0,1,1,0,1,1,1,0,1,0,0,0,0,1,0,0,1,0,1
2020-02-05 22:42:54.703855,21.0,56.0,27.0,46.0,25.0,43.0,24.0,51.0,29.0,39.0,26.0,42.0,24.0,46.0,25.0,46.0,0,1,1,0,1,1,1,0,1,0,0,0,0,1,0,0,1,0,1
2020-02-05 22:43:18.705023,21.0,56.0,27.0,46.0,25.0,43.0,24.0,51.0,29.0,39.0,25.0,41.0,24.0,46.0,25.0,47.0,0,1,1,0,1,1,1,0,0,0,0,1,0,0,1,0,1,1,0
2020-02-05 22:43:45.236796,21.0,56.0,27.0,46.0,25.0,43.0,24.0,51.0,29.0,39.0,25.0,42.0,24.0,46.0,25.0,47.0,0,1,1,0,1,1,1,0,0,0,0,1,0,0,1,0,1,1,0
2020-02-05 22:43:51.540159,21.0,56.0,27.0,47.0,25.0,44.0,24.0,51.0,29.0,40.0,25.0,42.0,24.0,47.0,25.0,47.0,0,1,1,0,1,1,1,0,0,0,0,1,0,0,1,0,1,1,0
2020-02-05 22:44:02.898307,21.0,56.0,27.0,47.0,25.0,44.0,24.0,51.0,29.0,40.0,25.0,42.0,24.0,47.0,25.0,47.0,0,1,1,0,1,1,1,0,0,0,0,1,0,0,1,0,1,1,0
2020-02-05 22:44:19.306257,21.0,56.0,27.0,47.0,25.0,44.0,24.0,51.0,28.0,40.0,25.0,42.0,24.0,47.0,24.0,48.0,1,0,1,0,1,1,0,0,1,0,1,0,0,0,1,1,1,0,1
2020-02-05 22:44:40.774642,21.0,56.0,27.0,47.0,25.0,44.0,24.0,51.0,28.0,40.0,25.0,43.0,24.0,47.0,24.0,47.0,1,0,1,0,1,1,0,0,1,0,1,0,0,0,1,1,1,0,1
2020-02-05 22:44:49.595225,22.0,57.0,27.0,48.0,25.0,44.0,24.0,51.0,28.0,40.0,25.0,43.0,24.0,47.0,25.0,47.0,1,0,1,0,1,1,0,0,1,0,1,0,0,0,1,1,1,0,1
2020-02-05 22:45:05.989385,22.0,56.0,27.0,47.0,25.0,44.0,24.0,51.0,29.0,40.0,25.0,43.0,24.0,47.0,25.0,47.0,1,0,1,0,1,1,0,0,1,0,1,0,0,0,1,1,1,0,1
2020-02-05 22:45:27.520136,24.0,51.0,27.0,47.0,25.0,44.0,24.0,51.0,29.0,40.0,26.0,43.0,24.0,47.0,25.0,47.0,1,1,1,0,1,0,1,1,0,1,1,0,0,0,1,1,1,1,0
2020-02-05 22:45:41.384865,24.0,50.0,27.0,47.0,25.0,43.0,24.0,51.0,29.0,39.0,26.0,42.0,24.0,46.0,25.0,46.0,1,1,1,0,1,0,1,1,0,1,1,0,0,0,1,1,1,1,0
2020-02-05 22:45:47.680070,24.0,49.0,27.0,47.0,26.0,43.0,24.0,51.0,29.0,39.0,26.0,41.0,24.0,46.0,25.0,46.0,1,1,1,0,1,0,1,1,0,1,1,0,0,0,1,1,1,1,0
2020-02-05 22:45:59.023436,24.0,49.0,28.0,48.0,26.0,43.0,24.0,50.0,29.0,39.0,26.0,41.0,24.0,46.0,25.0,46.0,1,1,1,0,1,0,1,1,0,1,1,0,0,0,1,1,1,1,0
2020-02-05 22:46:10.376153,24.0,48.0,28.0,47.0,26.0,43.0,24.0,50.0,30.0,38.0,26.0,41.0,25.0,45.0,25.0,46.0,1,1,1,0,1,0,1,1,0,1,1,0,0,0,1,1,1,1,0
2020-02-05 22:46:21.712159,24.0,49.0,28.0,47.0,26.0,43.0,24.0,50.0,30.0,38.0,26.0,41.0,25.0,45.0,25.0,46.0,1,1,1,0,1,0,1,1,0,1,1,0,0,0,1,1,1,1,0
2020-02-05 22:46:28.005950,24.0,50.0,28.0,47.0,26.0,42.0,24.0,50.0,30.0,38.0,27.0,40.0,25.0,45.0,26.0,47.0,1,0,0,0,0,1,1,0,1,1,0,0,1,0,0,0,0,1,1
2020-02-05 22:46:40.882761,24.0,50.0,28.0,46.0,26.0,42.0,24.0,50.0,30.0,37.0,27.0,40.0,25.0,44.0,26.0,46.0,1,0,0,0,0,1,1,0,1,1,0,0,1,0,0,0,0,1,1
2020-02-05 22:46:57.276859,24.0,50.0,28.0,46.0,26.0,42.0,24.0,50.0,30.0,37.0,27.0,39.0,25.0,44.0,26.0,46.0,1,0,0,0,0,1,1,0,1,1,0,0,1,0,0,0,0,1,1
2020-02-05 22:47:06.114509,24.0,49.0,28.0,46.0,26.0,42.0,24.0,50.0,30.0,37.0,27.0,39.0,25.0,44.0,26.0,46.0,1,0,0,0,0,1,1,0,1,1,0,0,1,0,0,0,0,1,1
2020-02-05 22:47:17.467286,25.0,48.0,28.0,45.0,26.0,41.0,24.0,50.0,31.0,37.0,27.0,39.0,25.0,44.0,26.0,46.0,1,0,0,0,0,1,1,0,1,1,0,0,1,0,0,0,0,1,1
2020-02-05 22:47:28.808683,25.0,47.0,28.0,45.0,26.0,41.0,24.0,49.0,31.0,37.0,27.0,38.0,25.0,43.0,26.0,46.0,1,0,0,0,0,1,1,0,1,1,0,0,1,0,0,0,0,1,1
2020-02-05 22:47:37.643052,26.0,46.0,28.0,45.0,27.0,41.0,24.0,50.0,31.0,37.0,27.0,38.0,25.0,43.0,26.0,45.0,0,1,1,1,1,1,0,1,0,0,1,1,1,0,0,1,1,1,0
2020-02-05 22:47:51.523101,26.0,45.0,28.0,44.0,26.0,41.0,24.0,49.0,31.0,37.0,27.0,38.0,25.0,43.0,26.0,45.0,0,1,1,1,1,1,0,1,0,0,1,1,1,0,0,1,1,1,0
2020-02-05 22:48:10.491283,26.0,45.0,28.0,44.0,26.0,41.0,24.0,50.0,31.0,36.0,27.0,38.0,25.0,43.0,26.0,46.0,0,1,1,1,1,1,0,1,0,0,1,1,1,0,0,1,1,1,0
2020-02-05 22:48:16.766451,24.0,47.0,28.0,45.0,26.0,41.0,24.0,50.0,31.0,36.0,27.0,39.0,25.0,43.0,26.0,45.0,0,1,1,1,1,1,0,1,0,0,1,1,1,0,0,1,1,1,0
2020-02-05 22:48:25.589704,24.0,48.0,28.0,45.0,26.0,41.0,24.0,50.0,31.0,36.0,27.0,39.0,25.0,44.0,26.0,46.0,1,1,1,0,1,0,1,0,0,1,1,1,0,0,0,0,0,1,1
2020-02-05 22:48:42.037343,23.0,49.0,28.0,45.0,26.0,41.0,24.0,50.0,30.0,36.0,27.0,39.0,25.0,44.0,26.0,46.0,1,1,1,0,1,0,1,0,0,1,1,1,0,0,0,0,0,1,1
2020-02-05 22:48:50.849792,23.0,52.0,28.0,45.0,26.0,42.0,24.0,50.0,30.0,36.0,27.0,39.0,25.0,44.0,26.0,46.0,1,1,1,0,1,0,1,0,0,1,1,1,0,0,0,0,0,1,1
2020-02-05 22:49:09.784618,23.0,52.0,28.0,45.0,26.0,42.0,24.0,50.0,31.0,37.0,27.0,39.0,25.0,45.0,26.0,45.0,1,1,1,0,1,0,1,0,0,1,1,1,0,0,0,0,0,1,1
2020-02-05 22:49:18.608524,23.0,52.0,28.0,45.0,26.0,42.0,24.0,50.0,31.0,37.0,27.0,39.0,25.0,44.0,26.0,45.0,1,1,1,0,1,0,1,0,0,1,1,1,0,0,0,0,0,1,1
2020-02-05 22:49:27.429965,23.0,52.0,28.0,45.0,26.0,41.0,24.0,50.0,31.0,37.0,27.0,38.0,25.0,44.0,26.0,45.0,1,0,1,1,0,1,0,1,1,1,0,0,0,0,0,1,1,1,1
2020-02-05 22:49:43.844726,23.0,52.0,28.0,45.0,26.0,41.0,24.0,49.0,31.0,36.0,27.0,38.0,25.0,44.0,26.0,45.0,1,0,1,1,0,1,0,1,1,1,0,0,0,0,0,1,1,1,1
2020-02-05 22:50:00.243077,23.0,51.0,28.0,45.0,26.0,41.0,24.0,49.0,31.0,36.0,27.0,37.0,25.0,43.0,26.0,45.0,1,0,1,1,0,1,0,1,1,1,0,0,0,0,0,1,1,1,1
2020-02-05 22:50:06.524857,24.0,50.0,28.0,45.0,26.0,41.0,24.0,49.0,31.0,36.0,27.0,37.0,25.0,43.0,26.0,45.0,1,0,1,1,0,1,0,1,1,1,0,0,0,0,0,1,1,1,1
2020-02-05 22:50:17.935608,25.0,47.0,28.0,45.0,27.0,41.0,24.0,49.0,31.0,35.0,27.0,37.0,25.0,43.0,26.0,44.0,1,0,1,1,0,1,0,1,1,1,0,0,0,0,0,1,1,1,1
2020-02-05 22:50:29.278909,26.0,46.0,28.0,45.0,27.0,41.0,24.0,49.0,31.0,35.0,28.0,38.0,25.0,42.0,27.0,44.0,1,0,1,0,0,1,1,0,0,0,0,1,1,1,1,0,0,1,0
2020-02-05 22:50:45.691121,27.0,43.0,29.0,46.0,27.0,40.0,24.0,49.0,32.0,35.0,27.0,37.0,26.0,43.0,27.0,44.0,1,0,1,0,0,1,1,0,0,0,0,1,1,1,1,0,0,1,0
2020-02-05 22:51:02.082716,27.0,43.0,29.0,45.0,27.0,40.0,24.0,49.0,32.0,35.0,27.0,37.0,26.0,43.0,27.0,44.0,1,0,1,0,0,1,1,0,0,0,0,1,1,1,1,0,0,1,0
2020-02-05 22:51:10.917065,27.0,41.0,29.0,44.0,27.0,40.0,24.0,49.0,32.0,35.0,28.0,38.0,26.0,43.0,27.0,44.0,1,0,1,0,0,1,1,0,0,0,0,1,1,1,1,0,0,1,0
2020-02-05 22:51:29.834048,28.0,41.0,29.0,44.0,27.0,40.0,24.0,49.0,32.0,35.0,28.0,38.0,26.0,43.0,27.0,44.0,1,0,1,0,0,1,1,0,0,0,0,1,1,1,1,0,0,1,0
2020-02-05 22:51:38.648804,29.0,40.0,29.0,44.0,27.0,40.0,24.0,49.0,32.0,35.0,28.0,38.0,26.0,43.0,27.0,44.0,1,1,1,0,0,0,1,0,1,0,1,0,0,0,1,0,0,1,1
2020-02-05 22:51:52.529690,29.0,39.0,29.0,44.0,27.0,39.0,24.0,49.0,32.0,35.0,28.0,37.0,26.0,43.0,27.0,43.0,1,1,1,0,0,0,1,0,1,0,1,0,0,0,1,0,0,1,1
2020-02-05 22:52:11.484468,27.0,40.0,29.0,43.0,27.0,39.0,24.0,49.0,32.0,34.0,28.0,37.0,26.0,43.0,27.0,43.0,1,1,1,0,0,0,1,0,1,0,1,0,0,0,1,0,0,1,1
2020-02-05 22:52:30.404882,27.0,41.0,29.0,43.0,27.0,39.0,24.0,49.0,33.0,34.0,28.0,37.0,26.0,43.0,27.0,43.0,1,1,1,0,0,0,1,0,1,0,1,0,0,0,1,0,0,1,1
2020-02-05 22:52:36.692768,26.0,44.0,29.0,43.0,27.0,39.0,24.0,49.0,33.0,34.0,28.0,37.0,26.0,42.0,27.0,43.0,1,0,0,1,0,1,1,0,1,1,1,0,0,0,1,1,0,0,1
2020-02-05 22:52:48.047447,25.0,44.0,29.0,43.0,27.0,39.0,24.0,49.0,33.0,34.0,28.0,37.0,26.0,42.0,27.0,42.0,1,0,0,1,0,1,1,0,1,1,1,0,0,0,1,1,0,0,1
2020-02-05 22:53:09.504681,25.0,45.0,29.0,43.0,27.0,39.0,24.0,49.0,33.0,34.0,28.0,36.0,26.0,42.0,27.0,42.0,1,0,0,1,0,1,1,0,1,1,1,0,0,0,1,1,0,0,1
2020-02-05 22:53:20.883955,26.0,44.0,29.0,43.0,28.0,40.0,24.0,49.0,33.0,34.0,29.0,37.0,26.0,42.0,27.0,42.0,1,0,0,1,0,1,1,0,1,1,1,0,0,0,1,1,0,0,1
2020-02-05 22:53:29.707335,27.0,43.0,30.0,43.0,28.0,40.0,24.0,49.0,33.0,34.0,29.0,37.0,26.0,42.0,27.0,42.0,1,0,0,1,0,1,1,0,1,1,1,0,0,0,1,1,0,0,1
2020-02-05 22:53:38.533212,27.0,42.0,30.0,43.0,28.0,40.0,24.0,49.0,33.0,34.0,29.0,36.0,27.0,42.0,28.0,43.0,1,0,1,0,0,1,0,0,1,0,1,0,1,0,1,1,0,0,1
2020-02-05 22:53:54.942071,28.0,41.0,30.0,42.0,28.0,40.0,24.0,49.0,33.0,34.0,29.0,36.0,27.0,41.0,28.0,43.0,1,0,1,0,0,1,0,0,1,0,1,0,1,0,1,1,0,0,1
2020-02-05 22:54:06.289235,29.0,40.0,30.0,42.0,28.0,39.0,24.0,49.0,33.0,33.0,29.0,36.0,27.0,41.0,28.0,43.0,1,0,1,0,0,1,0,0,1,0,1,0,1,0,1,1,0,0,1
2020-02-05 22:54:12.610696,29.0,38.0,30.0,42.0,28.0,39.0,25.0,49.0,33.0,33.0,29.0,36.0,27.0,40.0,28.0,43.0,1,0,1,0,0,1,0,0,1,0,1,0,1,0,1,1,0,0,1
2020-02-05 22:54:23.948495,30.0,37.0,30.0,42.0,28.0,39.0,25.0,49.0,33.0,33.0,29.0,36.0,27.0,40.0,28.0,43.0,1,0,1,0,0,1,0,0,1,0,1,0,1,0,1,1,0,0,1
2020-02-05 22:54:30.227645,30.0,36.0,30.0,42.0,28.0,39.0,25.0,49.0,33.0,33.0,29.0,35.0,26.0,40.0,28.0,43.0,1,0,1,0,0,1,0,0,1,0,1,0,1,0,1,1,0,0,1
2020-02-05 22:54:40.577961,30.0,35.0,30.0,41.0,28.0,39.0,25.0,49.0,33.0,33.0,29.0,35.0,27.0,40.0,28.0,43.0,0,0,1,1,0,0,1,1,1,0,0,0,0,0,0,1,0,0,1
2020-02-05 22:54:49.387217,31.0,34.0,30.0,41.0,28.0,38.0,25.0,49.0,33.0,33.0,29.0,36.0,26.0,41.0,28.0,42.0,0,0,1,1,0,0,1,1,1,0,0,0,0,0,0,1,0,0,1
2020-02-05 22:55:03.266185,31.0,34.0,30.0,41.0,28.0,38.0,25.0,49.0,33.0,34.0,29.0,36.0,26.0,42.0,27.0,41.0,0,0,1,1,0,0,1,1,1,0,0,0,0,0,0,1,0,0,1
2020-02-05 22:55:12.078384,31.0,34.0,30.0,42.0,28.0,38.0,24.0,49.0,33.0,34.0,29.0,36.0,26.0,42.0,27.0,41.0,0,0,1,1,0,0,1,1,1,0,0,0,0,0,0,1,0,0,1
2020-02-05 22:55:25.950706,31.0,34.0,30.0,42.0,28.0,39.0,25.0,49.0,33.0,34.0,29.0,36.0,26.0,42.0,27.0,42.0,0,0,1,1,0,0,1,1,1,0,0,0,0,0,0,1,0,0,1
2020-02-05 22:55:34.813708,30.0,33.0,29.0,43.0,27.0,38.0,25.0,49.0,33.0,34.0,28.0,36.0,26.0,43.0,27.0,42.0,0,0,1,0,0,1,0,0,0,1,1,1,1,0,0,1,0,1,0
2020-02-05 22:55:48.686375,30.0,34.0,29.0,43.0,27.0,38.0,25.0,49.0,32.0,32.0,28.0,36.0,26.0,43.0,27.0,43.0,0,0,1,0,0,1,0,0,0,1,1,1,1,0,0,1,0,1,0
2020-02-05 22:55:54.984831,30.0,34.0,29.0,43.0,27.0,39.0,24.0,49.0,32.0,32.0,28.0,36.0,26.0,43.0,27.0,43.0,0,0,1,0,0,1,0,0,0,1,1,1,1,0,0,1,0,1,0
2020-02-05 22:56:06.336460,30.0,34.0,29.0,43.0,27.0,39.0,24.0,49.0,32.0,33.0,28.0,36.0,26.0,44.0,27.0,43.0,0,0,1,0,0,1,0,0,0,1,1,1,1,0,0,1,0,1,0
2020-02-05 22:56:15.146719,30.0,35.0,29.0,43.0,27.0,39.0,24.0,49.0,32.0,34.0,28.0,37.0,26.0,44.0,26.0,44.0,0,0,1,0,0,1,0,0,0,1,1,1,1,0,0,1,0,1,0
2020-02-05 22:56:26.477938,30.0,35.0,29.0,44.0,27.0,40.0,24.0,48.0,32.0,35.0,28.0,37.0,25.0,44.0,26.0,44.0,0,0,1,0,0,1,0,0,0,1,1,1,1,0,0,1,0,1,0
2020-02-05 22:56:35.295269,29.0,36.0,29.0,44.0,27.0,40.0,24.0,49.0,32.0,35.0,28.0,37.0,25.0,43.0,26.0,45.0,1,0,0,1,1,1,0,0,1,0,0,0,1,0,1,1,1,0,1
2020-02-05 22:56:54.235619,30.0,36.0,29.0,44.0,27.0,40.0,24.0,49.0,31.0,36.0,28.0,38.0,25.0,43.0,26.0,45.0,1,0,0,1,1,1,0,0,1,0,0,0,1,0,1,1,1,0,1
2020-02-05 22:57:05.587922,30.0,35.0,29.0,44.0,27.0,40.0,24.0,49.0,31.0,35.0,28.0,38.0,26.0,44.0,26.0,44.0,1,0,0,1,1,1,0,0,1,0,0,0,1,0,1,1,1,0,1
2020-02-05 22:57:16.928149,31.0,35.0,29.0,44.0,27.0,40.0,24.0,49.0,32.0,35.0,28.0,38.0,25.0,43.0,26.0,45.0,1,0,0,1,1,1,0,0,1,0,0,0,1,0,1,1,1,0,1
2020-02-05 22:57:38.385705,31.0,35.0,29.0,44.0,27.0,40.0,24.0,50.0,32.0,35.0,28.0,37.0,26.0,43.0,26.0,45.0,1,0,0,1,1,0,0,1,1,1,0,0,0,1,0,1,0,0,1
2020-02-05 22:57:49.728633,31.0,33.0,29.0,44.0,27.0,40.0,24.0,50.0,32.0,35.0,28.0,37.0,26.0,43.0,27.0,44.0,1,0,0,1,1,0,0,1,1,1,0,0,0,1,0,1,0,0,1
2020-02-05 22:57:58.551608,32.0,33.0,29.0,44.0,27.0,40.0,24.0,50.0,32.0,35.0,28.0,37.0,26.0,43.0,27.0,44.0,1,0,0,1,1,0,0,1,1,1,0,0,0,1,0,1,0,0,1
2020-02-05 22:58:07.378874,32.0,32.0,29.0,44.0,27.0,40.0,24.0,50.0,32.0,34.0,28.0,36.0,26.0,43.0,27.0,44.0,1,0,0,1,1,0,0,1,1,1,0,0,0,1,0,1,0,0,1
2020-02-05 22:58:16.189617,32.0,33.0,30.0,43.0,27.0,40.0,25.0,49.0,32.0,34.0,28.0,36.0,26.0,43.0,27.0,44.0,1,0,0,1,1,0,0,1,1,1,0,0,0,1,0,1,0,0,1
2020-02-05 22:58:32.584661,33.0,34.0,30.0,43.0,28.0,41.0,25.0,49.0,32.0,34.0,28.0,36.0,26.0,43.0,27.0,43.0,1,0,0,1,1,0,0,1,1,1,0,0,0,1,0,1,0,0,1
2020-02-05 22:58:38.884851,33.0,33.0,30.0,43.0,28.0,40.0,25.0,49.0,32.0,34.0,28.0,36.0,26.0,43.0,27.0,43.0,1,1,1,0,0,0,1,1,1,1,1,0,0,1,1,1,0,0,1
2020-02-05 22:58:47.694312,33.0,32.0,30.0,43.0,28.0,40.0,25.0,49.0,32.0,33.0,29.0,37.0,26.0,43.0,27.0,43.0,1,1,1,0,0,0,1,1,1,1,1,0,0,1,1,1,0,0,1
2020-02-05 22:59:04.094097,31.0,33.0,30.0,42.0,28.0,40.0,25.0,49.0,33.0,34.0,29.0,36.0,26.0,42.0,27.0,43.0,1,1,1,0,0,0,1,1,1,1,1,0,0,1,1,1,0,0,1
2020-02-05 22:59:20.494317,30.0,32.0,30.0,42.0,28.0,39.0,25.0,49.0,33.0,33.0,29.0,36.0,27.0,42.0,27.0,42.0,1,1,1,0,0,0,1,1,1,1,1,0,0,1,1,1,0,0,1
2020-02-05 22:59:39.415165,29.0,36.0,30.0,42.0,28.0,39.0,25.0,49.0,33.0,33.0,29.0,36.0,27.0,42.0,27.0,42.0,1,1,1,0,0,0,1,1,1,1,1,0,0,1,1,1,0,0,1
2020-02-05 22:59:50.755507,27.0,39.0,30.0,42.0,28.0,39.0,25.0,49.0,33.0,33.0,29.0,36.0,27.0,41.0,27.0,42.0,1,1,1,0,0,0,1,1,1,1,1,0,0,1,1,1,0,0,1
2020-02-05 23:00:07.156514,26.0,41.0,30.0,41.0,28.0,39.0,25.0,49.0,33.0,34.0,29.0,36.0,27.0,41.0,27.0,42.0,1,1,1,0,0,0,1,1,1,1,1,0,0,1,1,1,0,0,1
2020-02-05 23:00:13.438250,26.0,43.0,30.0,41.0,28.0,39.0,25.0,49.0,33.0,34.0,29.0,36.0,27.0,41.0,27.0,42.0,1,1,1,0,0,0,1,1,1,1,1,0,0,1,1,1,0,0,1
2020-02-05 23:00:22.259722,25.0,44.0,31.0,42.0,28.0,39.0,25.0,48.0,33.0,34.0,29.0,36.0,27.0,40.0,27.0,42.0,1,1,1,0,0,0,1,1,1,1,1,0,0,1,1,1,0,0,1
2020-02-05 23:00:43.706937,25.0,44.0,31.0,41.0,28.0,39.0,25.0,48.0,33.0,33.0,29.0,36.0,27.0,41.0,27.0,42.0,1,1,1,0,0,0,1,1,1,1,1,0,0,1,1,1,0,0,1
2020-02-05 23:00:57.635236,25.0,44.0,31.0,41.0,28.0,39.0,25.0,48.0,33.0,33.0,29.0,36.0,27.0,40.0,27.0,41.0,1,1,1,0,0,0,1,1,1,1,1,0,0,1,1,1,0,0,1
2020-02-05 23:01:08.975783,25.0,45.0,31.0,41.0,28.0,39.0,25.0,48.0,34.0,33.0,29.0,36.0,27.0,40.0,28.0,42.0,1,1,1,0,0,0,1,1,1,1,1,0,0,1,1,1,0,0,1
2020-02-05 23:01:27.909180,25.0,45.0,31.0,41.0,28.0,39.0,25.0,48.0,34.0,33.0,29.0,36.0,27.0,40.0,28.0,42.0,1,1,1,0,0,0,1,1,1,1,1,0,0,1,1,1,0,0,1
2020-02-05 23:01:34.206304,25.0,45.0,31.0,41.0,28.0,39.0,25.0,48.0,34.0,33.0,29.0,35.0,27.0,40.0,27.0,41.0,1,1,1,0,0,0,1,1,1,1,1,0,0,1,1,1,0,0,1
2020-02-05 23:01:43.024664,25.0,45.0,31.0,41.0,28.0,39.0,25.0,48.0,34.0,32.0,29.0,35.0,27.0,40.0,28.0,42.0,1,1,1,0,0,0,1,1,1,1,1,0,0,1,1,1,0,0,1
2020-02-05 23:01:51.834999,25.0,46.0,31.0,40.0,28.0,39.0,25.0,48.0,34.0,32.0,29.0,35.0,27.0,39.0,28.0,42.0,1,1,1,0,0,0,1,1,1,1,1,0,0,1,1,1,0,0,1
2020-02-05 23:02:00.646560,25.0,45.0,31.0,40.0,28.0,39.0,25.0,48.0,34.0,32.0,29.0,35.0,27.0,39.0,28.0,42.0,1,1,1,0,0,0,1,1,1,1,1,0,0,1,1,1,0,0,1
